Java Developer,Java Developer,KWA Analytics,India (Remote)
Developer,Developer,Euronet in Asia,"Thane, Maharashtra, India (On-site)"
Software Engineer,Software Engineer with verification,HCLTech,"Bengaluru, Karnataka, India (On-site)"
Java Software Engineer,Java Software Engineer with verification,MakeMyTrip,"Bengaluru, Karnataka, India (On-site)"
Support Engineer-Java,Support Engineer-Java with verification,LTIMindtree,"Bengaluru, Karnataka, India (Hybrid)"
Java Software Engineer,Java Software Engineer with verification,Recro,"Bengaluru, Karnataka, India (Remote)"
Back End Developer,Back End Developer with verification,IDFC FIRST Bank,"Bengaluru, Karnataka, India (On-site)"
Engineer,Engineer with verification,HCLTech,"Bengaluru, Karnataka, India (Hybrid)"
Java Software Engineer,Java Software Engineer,Mphasis,"Bengaluru, Karnataka, India (Hybrid)"
Full Stack Engineer,Full Stack Engineer with verification,LTI - Larsen & Toubro Infotech,"Bengaluru, Karnataka, India (Hybrid)"
Java full stack developer,Java full stack developer with verification,Capgemini,"Bengaluru, Karnataka, India (Hybrid)"
Software Engineer,Software Engineer with verification,Mphasis,"Bangalore Urban, Karnataka, India (Hybrid)"
Software Engineer,Software Engineer with verification,Times Internet,"Noida, Uttar Pradesh, India (On-site)"
Java Software Engineer,Java Software Engineer,Dexian India,"Noida, Uttar Pradesh, India (Hybrid)"
Senior Engineer/Java,Senior Engineer/Java with verification,L&T Technology Services,"Noida, Uttar Pradesh, India (On-site)"
Java Developer,Java Developer,Stackave Solutions,"Delhi, India (Hybrid)"
Java Full Stack Developers- Angular,Java Full Stack Developers- Angular,Trantor,"Noida, Uttar Pradesh, India (On-site)"
Senior Software Engineer,Senior Software Engineer with verification,L&T Technology Services,"Noida, Uttar Pradesh, India (On-site)"
JAVA DEVELOPER,JAVA DEVELOPER with verification,Tata Consultancy Services,"Noida, Uttar Pradesh, India (On-site)"
Java Software Engineer,Java Software Engineer with verification,Zemoso Technologies,India (Remote)
Java Software Engineer,Java Software Engineer with verification,Manuh Technologies,India (Remote)
Software Developer - Java,Software Developer - Java with verification,Network People Services Technologies Ltd. (NPST- Banking and Payment Solutions),"Noida, Uttar Pradesh, India (On-site)"
Java Developer,Java Developer with verification,Fincart Financial Planners,"Noida, Uttar Pradesh, India (On-site)"
Java Software Engineer,Java Software Engineer,Cozzera,"Delhi, India (On-site)"
JAVA DEVELOPER,JAVA DEVELOPER with verification,Tata Consultancy Services,"Noida, Uttar Pradesh, India (On-site)"
Java Developer (Kotlin),Java Developer (Kotlin),Dexian India,"Noida, Uttar Pradesh, India (On-site)"
Java Trainer,Java Trainer,Anudip Foundation,"Noida, Uttar Pradesh, India (On-site)"
Full Stack Engineer,Full Stack Engineer with verification,LTIMindtree,"Pune, Maharashtra, India (On-site)"
Senior Software Engineer,Senior Software Engineer,Aerospace Services India,"New Delhi, Delhi, India (On-site)"
EVOLVING SYSTEMS NETWORKS INDIA PRIVATE LIMITED logo,Java Developer,Java Developer,EVOLVING SYSTEMS NETWORKS INDIA PRIVATE LIMITED
Software Engineer,Software Engineer,RevX,India (Remote)
Java Full Stack Developer,Java Full Stack Developer with verification,Tata Consultancy Services,"Delhi, India (On-site)"
Full Stack Developer,Full Stack Developer,SourceFuse,"Noida, Uttar Pradesh, India (On-site)"
Software Engineer - SDE2,Software Engineer - SDE2,Tripjack,"New Delhi, Delhi, India (On-site)"
Java Full Stack Engineer [Immediate joiners only],Java Full Stack Engineer [Immediate joiners only] with verification,Luxoft,India (Remote)
Java Software Engineer,Java Software Engineer with verification,Synechron,"Mumbai, Maharashtra, India (Hybrid)"
Senior Java Developer,Senior Java Developer with verification,Accolite,"Mumbai, Maharashtra, India (Hybrid)"
Java Software Engineer,Java Software Engineer,BOT Campus AI,India (Remote)
Java Software Engineer,Java Software Engineer,Viable Search Consultants ,"Mumbai, Maharashtra, India (On-site)"
Java Technical Lead,Java Technical Lead with verification,Intellect Design Arena Ltd,"Mumbai, Maharashtra, India (On-site)"
Java Developer,Java Developer with verification,Tata Consultancy Services,"Mumbai, Maharashtra, India (On-site)"
Senior Java Developer,Senior Java Developer with verification,Accolite,"Mumbai, Maharashtra, India (Hybrid)"
Senior Java Developer_ Remote India,Senior Java Developer_ Remote India with verification,Luxoft,India (Remote)
Java Specialist,Java Specialist with verification,Tata Consultancy Services,"Mumbai, Maharashtra, India (On-site)"
Java Technical Lead,Java Technical Lead with verification,Intellect Design Arena Ltd,"Mumbai, Maharashtra, India (On-site)"
Senior Software Engineer,Senior Software Engineer,Yodaplus,"Mumbai, Maharashtra, India (On-site)"
Java Developer (4-6 years),Java Developer (4-6 years) with verification,Accelya,"Mumbai, Maharashtra, India (Hybrid)"
Software Engineer (C#),Software Engineer (C#),Nerve Solutions,"Mumbai, Maharashtra, India (On-site)"
Back End Developer,Back End Developer,Kayana | Ordering and Paymentâ€™s Solutions,"Mumbai, Maharashtra, India (On-site)"
Senior Java Backend Developer with Airamatrix(AI based S/W product Company)_WFO_5 Days a week,Senior Java Backend Developer with Airamatrix(AI based S/W product Company)_WFO_5 Days a week with verification,AIRA Matrix,"Thane, Maharashtra, India (On-site)"
Back End Developer,Back End Developer,Anand Rathi Wealth Limited,Mumbai Metropolitan Region (On-site)
Java Technical Lead,Java Technical Lead with verification,Intellect Design Arena Ltd,"Mumbai, Maharashtra, India (On-site)"
Senior Java Developer (Mumbai Face to Face Drive on 21st June 2025),Senior Java Developer (Mumbai Face to Face Drive on 21st June 2025) with verification,Accolite,"Mumbai, Maharashtra, India (Hybrid)"
"Java, Microservices Developer","Java, Microservices Developer with verification",Tata Consultancy Services,"Mumbai, Maharashtra, India (On-site)"
Sr Java Backend Developer,Sr Java Backend Developer,Populace World Solutions,"Mumbai, Maharashtra, India (On-site)"
Lead Java Developer,Lead Java Developer with verification,CoffeeBeans ,"Mumbai, Maharashtra, India (On-site)"
Software Engineer (Full Stack),Software Engineer (Full Stack),SmartStream Technologies,"Mumbai, Maharashtra, India (Hybrid)"
Java React Fullstack,Java React Fullstack with verification,Synechron,"Mumbai, Maharashtra, India (Hybrid)"
Java Test Automation + Rest Assured : Immediate Joiners Only,Java Test Automation + Rest Assured : Immediate Joiners Only with verification,LTIMindtree,"Mumbai, Maharashtra, India (Hybrid)"
Senior Java Developer - Trade Finance-Treasury Projects,Senior Java Developer - Trade Finance-Treasury Projects,ENUM,Mumbai Metropolitan Region (On-site)
Full Stack Engineer,Full Stack Engineer,Dexian India,"Mumbai, Maharashtra, India (Hybrid)"
Zoho Developer,Zoho Developer,Godrej Living,Mumbai Metropolitan Region (On-site)
C++ Developer,C++ Developer with verification,Neo Wealth and Asset Management,"Mumbai, Maharashtra, India (On-site)"
Remote Java Developer - 20442,Remote Java Developer - 20442 with verification,Turing,India (Remote)
Senior Salesforce Developer,Senior Salesforce Developer,Oxrow,"Mumbai, Maharashtra, India (On-site)"
PowerCuve Developer,PowerCuve Developer,FinVector Consulting Private Limited,"Mumbai, Maharashtra, India (Hybrid)"
Java Spring boot + Microservices Developer (Mumbai),Java Spring boot + Microservices Developer (Mumbai) with verification,Tata Consultancy Services,"Mumbai, Maharashtra, India (On-site)"
TCS Opportunity Spring Boot,TCS Opportunity Spring Boot with verification,Tata Consultancy Services,"Mumbai, Maharashtra, India (On-site)"
Java Python Developer,Java Python Developer with verification,Synechron,"Mumbai, Maharashtra, India (Hybrid)"
Remote Java Developer - 20442,Remote Java Developer - 20442 with verification,Turing,India (Remote)
UiPath Support Developer,UiPath Support Developer,STEP One Step Ahead,"Thane, Maharashtra, India (On-site)"
Sailpoint IIQ Developer,Sailpoint IIQ Developer with verification,Recro,"Mumbai, Maharashtra, India (On-site)"
Salesforce Developer,Salesforce Developer with verification,NTT DATA Business Solutions,"Mumbai, Maharashtra, India (On-site)"
Odoo Developer,Odoo Developer,Blueray Automation,"Mumbai, Maharashtra, India (On-site)"
Java Specialist,Java Specialist with verification,Tata Consultancy Services,"Mumbai, Maharashtra, India (On-site)"
Software Engineer,Software Engineer,RapidBrains,"Mumbai, Maharashtra, India (On-site)"
ServiceNow Developer - ITBM,ServiceNow Developer - ITBM with verification,LTIMindtree,Mumbai Metropolitan Region (Hybrid)
Remote Java Developer - 20442,Remote Java Developer - 20442 with verification,Turing,India (Remote)
Oracle CC&B Developer,Oracle CC&B Developer,ARA Resources Pvt. Ltd.,"Mumbai, Maharashtra, India (On-site)"
Java Software Engineer,Java Software Engineer with verification,Tata Consultancy Services,"Mumbai, Maharashtra, India (On-site)"
Remote Java Developer - 20442,Remote Java Developer - 20442 with verification,Turing,India (Remote)
Engineer,Engineer,DigiFocal IT Solutions Pvt Ltd,"Mumbai, Maharashtra, India (On-site)"
Remote Java Developer - 20442,Remote Java Developer - 20442 with verification,Turing,India (Remote)
CRM Dynamics Developer,CRM Dynamics Developer with verification,Nouryon,"Navi Mumbai, Maharashtra, India (On-site)"
Java Software Engineer,Java Software Engineer with verification,Tata Consultancy Services,"Mumbai, Maharashtra, India (On-site)"
Remote Java Developer - 20442,Remote Java Developer - 20442 with verification,Turing,India (Remote)
Java Software Engineer,Java Software Engineer with verification,Tata Consultancy Services,"Mumbai, Maharashtra, India (On-site)"
Full Stack Engineer,Full Stack Engineer,VantedgeAI,"Mumbai, Maharashtra, India (On-site)"
Android Developer,Android Developer,General Diagnostics international pvt. Ltd.,"Navi Mumbai, Maharashtra, India (On-site)"
Remote Java Developer - 20442,Remote Java Developer - 20442 with verification,Turing,India (Remote)
Computer Numerical Control Programmer,Computer Numerical Control Programmer,Moksh CAD,"Mumbai, Maharashtra, India (On-site)"
Java Software Engineer,Java Software Engineer with verification,Tata Consultancy Services,"Mumbai, Maharashtra, India (On-site)"
Software Trainee,Software Trainee with verification,Atidan Technologies,"Mumbai, Maharashtra, India (On-site)"
Software Engineer,Software Engineer,Living Things,Mumbai Metropolitan Region (On-site)
Java Full Stack Engineer (Mumbai Location),Java Full Stack Engineer (Mumbai Location) with verification,Tata Consultancy Services,"Mumbai, Maharashtra, India (On-site)"
Oracle Forms Developer,Oracle Forms Developer with verification,Oracle,"Mumbai, Maharashtra, India (Hybrid)"
"Android Developer(Kotlin, Jetpack)","Android Developer(Kotlin, Jetpack) with verification",Cognizant,"Mumbai, Maharashtra, India (Hybrid)"
Java Fullstack Engineer(Diversity),Java Fullstack Engineer(Diversity),Holcim Global Digital Hub,"Navi Mumbai, Maharashtra, India (Hybrid)"
IBM Consultant,IBM Consultant with verification,Tata Consultancy Services,"Mumbai, Maharashtra, India (On-site)"
